<?xml version="1.0" encoding="UTF-8"?>
<extentreports>
	<configuration>
		<!-- report theme -->
		<!-- standard, dark -->
		<theme>dark</theme>

		<!-- document encoding -->
		<!-- defaults to UTF-8 -->
		<encoding>UTF-8</encoding>

		<!-- protocol for script and stylesheets -->
		<!-- defaults to https -->
		<protocol>https</protocol>

		<!-- title of the document -->
		<documentTitle>Extent</documentTitle>

		<!-- report name - displayed at top-nav -->
		<reportName>
       
			Automation Report
		</reportName>

		<!-- location of charts in the test view -->
		<!-- top, bottom -->
		<testViewChartLocation>bottom</testViewChartLocation>
		<!-- defaults to MM-dd-yyyy -->
		<dateFormat>MM-dd-yyyy</dateFormat>

		<!-- global time format override -->
		<!-- defaults to HH:mm:ss -->
		<timeFormat>HH:mm:ss</timeFormat>

		<!-- custom javascript -->
		<scripts>
            <![CDATA[
                $(document).ready(function() {
                    
                });
            ]]>
		</scripts>

		<!-- custom styles -->
		<styles>
          <!-- custom styles -->
    <styles>
        <![CDATA[
            .report-name { padding-left: 10px; } .report-name > img { float: left;height: 90%;margin-left: 30px;margin-top: 2px;width: auto; }
        ]]>
    </styles>
		</styles>
	</configuration>
</extentreports>