<?xml version="1.0" encoding="UTF-8"?>
<!DOCTYPE suite SYSTEM "http://testng.org/testng-1.0.dtd">
<suite name="Suite">
	<parameter name="browser" value="chrome"></parameter>
	<listeners>
		<listener class-name="com.christianlouboutin.utilities.Reporting"></listener>
	</listeners> 
	<test thread-count="5" name="Test">
		<classes>
	
			<class name="com.christianlouboutin.testCases.AddCart" />
		 	 <class name="com.christianlouboutin.testCases.Login" />
 	<class name="com.christianlouboutin.testCases.DeliveryAndPayment" /> 
		</classes>
	</test> <!-- Test -->
</suite> <!-- Suite -->